Total 'adv_ratio_rms' by 'frame_idx',,
,,
,Row Labels,Sum of adv_ratio_rms
,1,223.0785924
,2,178.6445468
,3,197.490697
,4,150.4315682
,5,132.7277973
,6,132.3608561
,7,136.0273745
,Grand Total,1150.761432
